<?xml version="1.0" encoding="UTF-8"?>
<jcr:root xmlns:cq="http://www.day.com/jcr/cq/1.0" xmlns:jcr="http://www.jcp.org/jcr/1.0"
	jcr:primaryType="cq:Dialog" title="" xtype="dialog">

	<items jcr:primaryType="cq:Widget" xtype="tabpanel">
		<items jcr:primaryType="cq:WidgetCollection">
			<tab1 jcr:primaryType="cq:Panel" title="Banner">
				<items jcr:primaryType="cq:WidgetCollection">
					<slogan 
							jcr:primaryType="cq:Widget" 
							name="./slogan"
							fieldLabel="Slogan" 
							xtype="textfield" />
					<context 
							jcr:primaryType="cq:Widget" 
							name="./context"
							fieldLabel="Context" 
							xtype="textfield"/>
					<brand 
							jcr:primaryType="cq:Widget" 
							name="./brand" 
							fieldLabel="Brand"
							rootPath="/content/dam" 
							xtype="pathfield" />
							
				</items>
			</tab1>
		</items>
	</items>

</jcr:root>
